ENTIDAD PRODUCTORA	NOMBRE OFICINA PRODUCTORA	CÓD. OFICINA PRODUCTORA	CÓD. SERIE	SERIE DOCUMENTAL	CÓD. SUB/SERIE	SUBSERIE DOCUMENTAL
HOSPITAL DEL SARARE ESE	GERENCIA	300	300.02	ACTAS	0300.02.03	ACTAS COMITÉ ANTITRAMITES Y DE GOBIERNO EN LINEA
HOSPITAL DEL SARARE ESE	GERENCIA	300	300.02	ACTAS	0300.02.07	ACTAS COMITÉ CONTRATACION, FACTURACION, VENTA DE SERVICIOS DE SALUD, GLOSAS Y CARTERA
HOSPITAL DEL SARARE ESE	GERENCIA	300	300.02	ACTAS	0300.02.11	ACTAS COMITÉ ETICA HOSPITALARIO
HOSPITAL DEL SARARE ESE	GERENCIA	300	300.02	ACTAS	0300.02.12	ACTA COMITÉ EVALUADOR .
HOSPITAL DEL SARARE ESE	GERENCIA	300	300.02	ACTAS	0300.02.17	ACTAS DE JUNTA DIRECTIVA
HOSPITAL DEL SARARE ESE	GERENCIA	300	300.03	CIRCULARES	0300.03.27	CIRCULARES INFORMATIVAS
HOSPITAL DEL SARARE ESE	GERENCIA	300	300.03	CIRCULARES	0300.03.28	CIRCULARES NORMATIVAS
HOSPITAL DEL SARARE ESE	GERENCIA	300	300.28	REGISTROS	300.28.109	REGISTROS DE CONTROL
HOSPITAL DEL SARARE ESE	GERENCIA	300	300.13	INFORMES	300.13.60	INFORMES DE GESTION
HOSPITAL DEL SARARE ESE	GERENCIA	300	300.13	INFORMES	300.13.61	INFORMES A ORGANISMOS DE CONTROL
HOSPITAL DEL SARARE ESE	GERENCIA	300	300.13	INFORMES	300.13.62	INFORME A ENTIDADES DEL ESTADO
HOSPITAL DEL SARARE ESE	GERENCIA	300	300.20	PLANES	300.20.75	PLAN ANUAL DE CONTRATACION
HOSPITAL DEL SARARE ESE	GERENCIA	300	300.20	PLANES	300.20.76	PLAN ANUAL DE COMPRAS
HOSPITAL DEL SARARE ESE	GERENCIA	300	300.20	PLANES	300.20.77	PLAN AUDITORIA PARA EL MEJORAMIENTO CONTINUO-PAMEC
HOSPITAL DEL SARARE ESE	GERENCIA	300	300.20	PLANES	300.20.80	PLAN DE GESTION
HOSPITAL DEL SARARE ESE	GERENCIA	300	300.20	PLANES	300.20.86	PLAN DE INVERSION
HOSPITAL DEL SARARE ESE	GERENCIA	300	300.21	POLITICAS DE CALIDAD	300.21.90	POLITIAS DE OPERACIÓN
HOSPITAL DEL SARARE ESE	GERENCIA	300	300.26	PROGRAMAS	300.26.104	PROGRAMA PLANTA DE PERSONAL
HOSPITAL DEL SARARE ESE	GERENCIA	300	300.27	PROYECTOS	300.27.108	PROYECTOS DE INVERSION
HOSPITAL DEL SARARE ESE	GERENCIA	300	300.29	RESOLUCIONES	300.29	RESOLUCIONES
HOSPITAL DEL SARARE ESE	JURIDICA	301	301.01	ACCIONES CONSTITUCIONALES	0301.01.01	ACCION DE TUTELAS
HOSPITAL DEL SARARE ESE	JURIDICA	301	301.02	ACTAS	0301.02.06	ACTAS COMITÉ DE CONCILIACION
HOSPITAL DEL SARARE ESE	JURIDICA	301	301.06	CONTRATOS	301.06.34	CONTRATO DE ARRENDAMIENTO
HOSPITAL DEL SARARE ESE	JURIDICA	301	301.06	CONTRATOS	301.06.35	CONTRATO DE COMODATO
HOSPITAL DEL SARARE ESE	JURIDICA	301	301.06	CONTRATOS	301.06.36	CONTRATO COMPRAVENTA
HOSPITAL DEL SARARE ESE	JURIDICA	301	301.06	CONTRATOS	301.06.37	CONTRATO DE CONSULTORIA
HOSPITAL DEL SARARE ESE	JURIDICA	301	301.06	CONTRATOS	301.06.38	CONVENIO INTERADMINISTRATIVO
HOSPITAL DEL SARARE ESE	JURIDICA	301	301.06	CONTRATOS	301.06.39	CONTRATO DE OBRA
HOSPITAL DEL SARARE ESE	JURIDICA	301	301.06	CONTRATOS	301.06.40	CONTRATO DE PRESTACION DE SERVICIO
HOSPITAL DEL SARARE ESE	JURIDICA	301	301.06	CONTRATOS	301.06.41	CONTRATO DE VENTA DE SERVICIOS POR REGIMNES
HOSPITAL DEL SARARE ESE	JURIDICA	301	301.07	DEMANDAS	301.07.42	DEMANDAS LABORALES
HOSPITAL DEL SARARE ESE	JURIDICA	301	301.07	DEMANDAS	301.07.43	DEMANDAS CONTENCIOSAS ADMINISTRATIVAS
HOSPITAL DEL SARARE ESE	JURIDICA	301	301.13	INFORMES	300.13.60	INFORME DE GESTION
HOSPITAL DEL SARARE ESE	JURIDICA	301	301.22	PROCESOS JUDICIALES	301.22	PROCESOS JUDICIALES
HOSPITAL DEL SARARE ESE	JURIDICA	301	301.23	PROCESOS DISCIPLINARIOS	301.23	PROCESOS DISCIPLINARIOS
HOSPITAL DEL SARARE ESE	JURIDICA	301	301.24	PROCESOS COBRO COACTIVO	301.24	PROCESOS COBRO COACTIVO
HOSPITAL DEL SARARE ESE	JURIDICA	301	301.25	PROCESO COBRO JURIDICO	301.25	PROCESO COBRO JURIDICO
HOSPITAL DEL SARARE ESE	CONTROL INTERNO	302	302.02	ACTAS	0302.02.18	ACTAS COMITÉ MECI-CALIDAD
HOSPITAL DEL SARARE ESE	CONTROL INTERNO	302	302.12	HERRAMIENTAS DE GESTION	302.12.59	REGISTROS DE CALIDAD
HOSPITAL DEL SARARE ESE	CONTROL INTERNO	302	302.13	INFORMES	302.13.60	INFORMES DE GESTION
HOSPITAL DEL SARARE ESE	CONTROL INTERNO	302	302.13	INFORMES	302.13.61	INFORMES A ORGANISMOS DE CONTROL
HOSPITAL DEL SARARE ESE	CONTROL INTERNO	302	302.26	PROGRAMAS	302.26.92	PROGRAMA ANUAL DE AUDITORIA INTERNA
HOSPITAL DEL SARARE ESE	CONTROL INTERNO	302	302.99	PROGRAMAS	302.99	PROGRAMA GESTION DE CALIDAD.
HOSPITAL DEL SARARE ESE	AUDITORIA Y CALIDAD	303	303.02	ACTAS	0303.02.06	ACTA COMITÉ CONCILIACION
HOSPITAL DEL SARARE ESE	AUDITORIA Y CALIDAD	303	303.02	ACTAS	0303.02.07	ACTAS DE COMITÉ CONTRTACION, FACTURACION, VENTA DE SERVICIOS DE SALUD, GLOSAS Y CARTERA
HOSPITAL DEL SARARE ESE	AUDITORIA Y CALIDAD	303	303.13	INFORMES	303.13.60	INFORME DE GESTION
HOSPITAL DEL SARARE ESE	AUDITORIA Y CALIDAD	303	303.28	REGISTROS	303.28.110	REGISTROS DE CONTROL
HOSPITAL DEL SARARE ESE	SUBGERENCIA CIENTIFICA	310	310.02	ACTAS	0310.02.10	ACTAS COMITÉ DOCENTE ASISTENCIAL
HOSPITAL DEL SARARE ESE	SUBGERENCIA CIENTIFICA	310	310.02	ACTAS	0310.02.11	ACTAS COMITÉ ETICA HOSPITALARIA
HOSPITAL DEL SARARE ESE	SUBGERENCIA CIENTIFICA	310	310.02	ACTAS	0310.02.14	ACTAS COMITÉ HISTORIAS CLINICAS.
HOSPITAL DEL SARARE ESE	SUBGERENCIA CIENTIFICA	310	310.02	ACTAS	0310.02.15	ACTAS COMITÉ INFECCIONES INTRAHOSPITALARIA.
HOSPITAL DEL SARARE ESE	SUBGERENCIA CIENTIFICA	310	310.02	ACTAS	0310.02.22	ACTAS COMITÉ TECNICO CIENTIFICO
HOSPITAL DEL SARARE ESE	SUBGERENCIA CIENTIFICA	310	310.02	ACTAS	0310.02.24	ACTAS COMITÉ DE URGENCIAS, EMERGENCIAS Y DESASTRES
HOSPITAL DEL SARARE ESE	SUBGERENCIA CIENTIFICA	310	310.02	ACTAS	0310.02.25	ACTAS COMITÉ VIGILANCIA EPIDEMIOLOGICA. COVE
HOSPITAL DEL SARARE ESE	SUBGERENCIA CIENTIFICA	310	310.02	ACTAS	0310.02.26	ACTAS COMITÉ USUARIOS
HOSPITAL DEL SARARE ESE	SUBGERENCIA CIENTIFICA	310	310.03	CIRCULARES	0310.03.27	CIRCULARES INFORMATIVAS
HOSPITAL DEL SARARE ESE	SUBGERENCIA CIENTIFICA	310	310.13	INFORMES	310.13.60	INFORME DE GESTION
HOSPITAL DEL SARARE ESE	SUBGERENCIA CIENTIFICA	310	310.13	INFORMES	310.13.61	INFORME A ORGANISMOS DE CONTROL
HOSPITAL DEL SARARE ESE	SUBGERENCIA CIENTIFICA	310	310.13	INFORMES	310.13.62	INFORME A ENTIDADES DEL ESTADO.
HOSPITAL DEL SARARE ESE	SUBGERENCIA CIENTIFICA	310	310.20	PLANES	310.20.84	PLAN HOSPITALARIO DE EMERGENCIA Y DESASTRES
HOSPITAL DEL SARARE ESE	SUBGERENCIA CIENTIFICA	310	310.28	REGISTROS	310.28.111	REGISTROS DE CONTROL
HOSPITAL DEL SARARE ESE	U.F.SERVICIOS AMBULATORIOS	311	311.13	INFORMES	311.13.60	INFORME DE GESTION
HOSPITAL DEL SARARE ESE	U.F.SERVICIOS AMBULATORIOS	311	311.26	PROGRAMA	311.26.93	PROGRAMA DE ACTIVIDADES EXTRAMURALES
HOSPITAL DEL SARARE ESE	U.F.SERVICIOS AMBULATORIOS	311	311.26	PROGRAMA	311.26.94	PROGRAMA DE AMPLIADO DE INMUNIZACIONES (PAI).
HOSPITAL DEL SARARE ESE	U.F.SERVICIOS AMBULATORIOS	311	311.26	PROGRAMA	311.26.96	PROGRAMA DE CONDICIONES DE SALUD
HOSPITAL DEL SARARE ESE	U.F.SERVICIOS AMBULATORIOS	311	311.26	PROGRAMA	311.26.105	PROGRAMA PARA LA PREVENCION ATENCION EN SALUD
HOSPITAL DEL SARARE ESE	U.F.SERVICIOS AMBULATORIOS	311	311.28	REGISTROS	311.28.112	REGISTROS DE CONTROL
HOSPITAL DEL SARARE ESE	U.F. SERVICIOS HOSPITALARIOS	312	312.28	REGISTROS	312.28.113	REGISTROS DE CONTROL
HOSPITAL DEL SARARE ESE	UF.APOYO DIAGNOSTICO Y TERAPEUTICO	313	313.02	ACTAS	0313.02.23	ACTAS DE COMITÉ TRANSFUSION SANGUINEA
HOSPITAL DEL SARARE ESE	UF.APOYO DIAGNOSTICO Y TERAPEUTICO	313	313.13	INFORMES	313.13.60	INFORME DE GESTION
HOSPITAL DEL SARARE ESE	UF.APOYO DIAGNOSTICO Y TERAPEUTICO	313	313.19	PETICIONES, QUEJAS RECLAMOS, SUGERENCIAS Y FELICITACIONES	313.19	PGRSF
HOSPITAL DEL SARARE ESE	UF.APOYO DIAGNOSTICO Y TERAPEUTICO	313	313.26	PROGRAMA	313.26.97	PROGRAMA DE CALIDAD EXTERNO DE MUESTRAS
HOSPITAL DEL SARARE ESE	UF.APOYO DIAGNOSTICO Y TERAPEUTICO	313	313.28	REGISTROS	313.28.114	REGISTROS DE CONTROL
HOSPITAL DEL SARARE ESE	UF.DE URGENCIAS.	314	314.28	REGISTROS	314.28.115	REGISTROS DE CONTROL
HOSPITAL DEL SARARE ESE	UF.DE CIRUGIA.	315	315.28	REGISTROS	315.28.116	REGISTROS DE CONTROL
HOSPITAL DEL SARARE ESE	UF.DE SALUD OCUPACIONAL	316	316.02	ACTAS	0316.02.02	ACTAS DE COMITÉ ADMINISTRATIVO GESTION AMBIENTAL
HOSPITAL DEL SARARE ESE	UF.DE SALUD OCUPACIONAL	316	316.02	ACTAS	0316.02.19	ACTAS DE COMITÉ PARITARIO.-COPASO
HOSPITAL DEL SARARE ESE	UF.DE SALUD OCUPACIONAL	316	316.03	CIRCULARES	0316.02.27	CIRCULARES INFORMATIVAS
HOSPITAL DEL SARARE ESE	UF.DE SALUD OCUPACIONAL	316	316.13	INFORMES	316.13.60	INFORME DE GESTION
HOSPITAL DEL SARARE ESE	UF.DE SALUD OCUPACIONAL	316	316.13	INFORMES	316.13.61	INFORME A ORGANISMOS DE CONTROL
HOSPITAL DEL SARARE ESE	UF.DE SALUD OCUPACIONAL	316	316.20	PLANES	316.20.82	PLAN DE GESTION INTEGRAL DE RESIDUOS
HOSPITAL DEL SARARE ESE	UF.DE SALUD OCUPACIONAL	316	316.20	PLANES	316.20.87	PLAN DE INVERSION ANUAL PARA EL PROCESO DE SALUD OCUPACIONAL
HOSPITAL DEL SARARE ESE	UF.DE SALUD OCUPACIONAL	316	316.26	PROGRAMA	316.26.98	PROGRAMA DE EDUCACION PREVENTIVA
HOSPITAL DEL SARARE ESE	UF.DE SALUD OCUPACIONAL	316	316.26	PROGRAMA	316.26.101	PROGRAMA DE GESTION AMBIENTAL
HOSPITAL DEL SARARE ESE	UF.DE SALUD OCUPACIONAL	316	316.26	PROGRAMA	316.26.102	PROGRAMA DE HIGIENE Y SEGURIDAD INDUSTRIAL
HOSPITAL DEL SARARE ESE	UF.DE SALUD OCUPACIONAL	316	316.26	PROGRAMA	316.26.103	PROGRAMA DE MEDICINA PREVENTIVA Y DEL TRABAJO
HOSPITAL DEL SARARE ESE	UF.DE SALUD OCUPACIONAL	316	316.26	PROGRAMA	316.26.106	PROGRAMA DE SALUD OCUPACIONAL
HOSPITAL DEL SARARE ESE	SUBGERENCIA ADMINISTRATIVA Y FINANCIERA	320	320.03	CIRCULARES	0320.03.27	CIRCULARES INFORMATIVAS
HOSPITAL DEL SARARE ESE	SUBGERENCIA ADMINISTRATIVA Y FINANCIERA	320	320.13	INFORMES	320.13.60	INFORMES DE GESTION
HOSPITAL DEL SARARE ESE	SUBGERENCIA ADMINISTRATIVA Y FINANCIERA	320	320.13	INFORMES	320.13.62	INFORME ENTIDADES DEL ESTADO
HOSPITAL DEL SARARE ESE	SUBGERENCIA ADMINISTRATIVA Y FINANCIERA	320	320.27	PROYECTOS	320.27.107	PROYECTO DE PRESUPUESTO
HOSPITAL DEL SARARE ESE	ALMACEN	320.1	0320.01.02	ACTAS	320.1.02.08	ACTAS COMITÉ DE COMPRAS
HOSPITAL DEL SARARE ESE	ALMACEN	320.1	0320.01.02	ACTAS	320.1.02.16	ACTAS COMITÉ DE INVENTARIOS
HOSPITAL DEL SARARE ESE	ALMACEN	320.1	0320.01.03	CIRCULARES	320.1.03.27	CIRCULARES INFORMATIVAS
HOSPITAL DEL SARARE ESE	ALMACEN	320.1	0320.1.13	INFORMES	320.1.13.60	INFORME DE GESTION
HOSPITAL DEL SARARE ESE	ALMACEN	320.1	0320.1.14	INVENTARIO	320.1.14.65	INVENTARIO INDIVIDUALES DE BIENES MUEBLES E INMUEBLES
HOSPITAL DEL SARARE ESE	ALMACEN	320.1	0320.1.16	MOVIMIENTOS DE ALMACEN	320.1.16.72	ENTRADAS DE BIENES ALMACEN
HOSPITAL DEL SARARE ESE	ALMACEN	320.1	0320.1.16	MOVIMIENTOS DE ALMACEN	320.1.16.73	SALIDAS BIENES ALMACEN
HOSPITAL DEL SARARE ESE	ALMACEN	320.1	0320.1.20	PLANES	320.1.20.88	PLAN OPERATIVO ANUAL
HOSPITAL DEL SARARE ESE	FARMACIA	320.2	0320.02.02	ACTAS	320.2.02.13	ACTAS COMITÉ FRAMACIA Y TERAPEUTICA
HOSPITAL DEL SARARE ESE	FARMACIA	320.2	0320.02.03	CIRCULARES	320.2.03.27	CIRCULARES INFORMATIVAS
HOSPITAL DEL SARARE ESE	FARMACIA	320.2	0320.2.13	INFORMES	320.2.13.60	INFORME DE GESTION
HOSPITAL DEL SARARE ESE	FARMACIA	320.2	0320.2.14	INVENTARIO	320.2.14.65	INVENTARIO DE MEDICAMENTOS Y DISPOSITIVOS MEDICOS(FARMACEUTICOS Y MEDICO QUIRURGICOS)
HOSPITAL DEL SARARE ESE	FARMACIA	320.2	0320.2.28	REGISTROS	320.2.28.117	REGISTROS DE CONTROL
HOSPITAL DEL SARARE ESE	PROCESO GESTIÓN DOCUMENTAL	320.3	0320.03.02	ACTAS	320.3.02.04	ACTAS COMITÉ DE ARCHIVO
HOSPITAL DEL SARARE ESE	PROCESO GESTIÓN DOCUMENTAL	320.3	0320.03.03	CIRCULARES	320.3.03.27	CIRCULARES INFORMATIVAS
HOSPITAL DEL SARARE ESE	PROCESO GESTIÓN DOCUMENTAL	320.3	0320.03.04.	COMUNICACIONES OFICIALES	0320.04.29	COMUNICACIONES EXTERNAS, RECIBIDAS Y ENVIADAS
HOSPITAL DEL SARARE ESE	PROCESO GESTIÓN DOCUMENTAL	320.3	0320.03.04.	COMUNICACIONES OFICIALES	0320.04.30	COMUNICACIONES INTERNAS
HOSPITAL DEL SARARE ESE	PROCESO GESTIÓN DOCUMENTAL	320.3	0320.3.11	HISTORIAS	320.3.11.57	HISTORIA CLINICA
HOSPITAL DEL SARARE ESE	PROCESO GESTIÓN DOCUMENTAL	320.3	0320.3.13	INFORMES	320.3.13.60	INFORME DE GESTION
HOSPITAL DEL SARARE ESE	PROCESO GESTIÓN DOCUMENTAL	320.3	0320.3.14	INVENTARIOS	320.3.14.66	INVENTARIOS DOCUMENTALES
HOSPITAL DEL SARARE ESE	PROCESO GESTIÓN DOCUMENTAL	320.3	0320.3.26	PROGRAMAS	320.3.26.100	PROGRAMA GESTION ARCHIVISTICA
HOSPITAL DEL SARARE ESE	PROCESO GESTIÓN DOCUMENTAL	320.3	0320.3.28	REGISTROS	320.3.28.118	REGISTROS DE CONTROL
HOSPITAL DEL SARARE ESE	PROCESO GESTIÓN DOCUMENTAL	320.3	0320.3.30	TABLAS RETENCION DOCUMENTAL	0320.3.30	TABLAS DE RETENCION DOCUMENTAL
HOSPITAL DEL SARARE ESE	PROCESO GESTIÓN DOCUMENTAL	320.3	0320.3.31	TABLAS VALORACION DOCUMENTAL	0320.3.31	TABLAS VALORACION DOCUMENTAL
HOSPITAL DEL SARARE ESE	PROCESO GESTIÓN DOCUMENTAL	320.3	320.3.33	TRANSFERENCIAS DOCUMENTALES	320.3.33.129	TRANSFERENCIAS PRIMARIAS
HOSPITAL DEL SARARE ESE	PROCESO GESTIÓN DOCUMENTAL	320.3	320.3.33	TRANSFERENCIAS DOCUMENTALES	320.3.33.130	TRANSFERENCIAS SECUNDARIAS
HOSPITAL DEL SARARE ESE	PROCESO GESTIÓN DOCUMENTAL	320.3	320.3.33	TRANSFERENCIAS DOCUMENTALES	320.3.33.131	TRANSFERENCIAS EXTERNAS
HOSPITAL DEL SARARE ESE	TESORERIA	320.4	0320.04.03	CIRCULARES	320.4.03.27	CIRCULARES INFORMATIVAS
HOSPITAL DEL SARARE ESE	TESORERIA	320.4	0320.04.05	COMPROBANTES	320.4.05.31	COMPROBANTE DE EGRESO
HOSPITAL DEL SARARE ESE	TESORERIA	320.4	0320.04.05	COMPROBANTES	320.4.05.32	COMPROBANTE DE INGRESO
HOSPITAL DEL SARARE ESE	TESORERIA	320.4	0320.04.05	COMPROBANTES	320.4.05.33	COMPROBANTE DE PAGO
HOSPITAL DEL SARARE ESE	TESORERIA	320.4	0320.4.13	INFORMES	320.4.13.60	INFORME DE GESTION
HOSPITAL DEL SARARE ESE	TESORERIA	320.4	0320.4.15	LIBROS CONTABLES	320.4.15.68	LIBROS AUXILIARES DE BANCOS
HOSPITAL DEL SARARE ESE	TESORERIA	320.4	0320.4.15	LIBROS CONTABLES	320.4.15.69	LIBROS AUXILIARES DE CAJA
HOSPITAL DEL SARARE ESE	TESORERIA	320.4	0320.4.18	ORDEN DE PAGO	0320.4.18	ORDEN DE PAGO
HOSPITAL DEL SARARE ESE	TESORERIA	320.4	0320.4.26	PROGRAMA	320.4.26.91	PROGRAMA ANUAL DE CAJA-PAC.
HOSPITAL DEL SARARE ESE	TESORERIA	320.4	0320.4.28	REGISTROS	320.4.28.119	REGISTROS DE CONTROL
HOSPITAL DEL SARARE ESE	CONTABILIDAD	320.5	0320.05.02	ACTAS	320.5.02.21	ACTAS DE COMITÉ TECNICO DE SOSTENIBILIDAD DEL SISTEMA CONTABLE
HOSPITAL DEL SARARE ESE	CONTABILIDAD	320.5	0320.05.03	CIRCULARES	320.5.03.27	CIRCULARES INFORMATIVAS
HOSPITAL DEL SARARE ESE	CONTABILIDAD	320.5	0320.5.13	INFORMES	320.5.13.60	INFORME DE GESTION
HOSPITAL DEL SARARE ESE	CONTABILIDAD	320.5	0320.5.13	INFORMES	320.5.13.61	INFORME A ORGANISMOS DE CONTROL
HOSPITAL DEL SARARE ESE	CONTABILIDAD	320.5	0320.5.13	INFORMES	320.5.13.64	INFORMES FINANCIEROS
HOSPITAL DEL SARARE ESE	CONTABILIDAD	320.5	0320.5.15	LIBROS CONTABLES	320.5.15.70	LIBRO MAYOR Y BALANCE
HOSPITAL DEL SARARE ESE	CONTABILIDAD	320.5	0320.5.15	LIBROS CONTABLES	320.5.15.71	LIBROS AUXILIARES DE CONTABILIDAD
HOSPITAL DEL SARARE ESE	CONTABILIDAD	320.5	0320.5.28	REGISTROS	320.5.28.120	REGISTROS DE CONTROL
HOSPITAL DEL SARARE ESE	CARTERA	320.6	0320.06.02	ACTAS	320.6.02.07	ACTAS COMITÉ CONTRATACION, FACTURACION, VENTA DE SERVICIOS DE SALUD, GLOSAS Y CARTERA
HOSPITAL DEL SARARE ESE	CARTERA	320.6	0320.06.08	ESTADO DE CARTERA	320.6.08.44	REGISTROS DE CARTERA DEL REGIMEN CONTRIBUTIVO
HOSPITAL DEL SARARE ESE	CARTERA	320.6	0320.06.08	ESTADO DE CARTERA	320.6.08.45	REGISTROS DE CARTERA DEL REGIMEN SUBSIDIADO
HOSPITAL DEL SARARE ESE	CARTERA	320.6	0320.06.08	ESTADO DE CARTERA	320.6.08.46	REGISTROS DE CARTERA DEL REGIMEN VINCULADOS.
HOSPITAL DEL SARARE ESE	CARTERA	320.6	0320.06.08	ESTADO DE CARTERA	320.6.08.47	REGISTROS DE CARTERA DEL REGIMEN ASEGURADORAS
HOSPITAL DEL SARARE ESE	CARTERA	320.6	0320.06.08	ESTADO DE CARTERA	320.6.08.48	REGISTROS DE CARTERA DEL REGIMEN ESPECIAL.
HOSPITAL DEL SARARE ESE	CARTERA	320.6	0320.06.08	ESTADO DE CARTERA	320.6.08.49	REGISTROS DE CARTERA DEL REGIMEN ADMINISTRACION DE RIEGOS PROFESIONALES ARP.
HOSPITAL DEL SARARE ESE	CARTERA	320.6	0320.06.08	ESTADO DE CARTERA	320.6.08.50	REGISTROS DE CARTERA DEL REGIMEN IPS, INSTITUCION PRESTADORA DE SERVICIO
HOSPITAL DEL SARARE ESE	CARTERA	320.6	0320.06.08	ESTADO DE CARTERA	320.6.08.51	REGISTROS DE CARTERA DEL REGIMEN PATICULAR
HOSPITAL DEL SARARE ESE	CARTERA	320.6	0320.6.13	INFORMES	320.6.13.60	INFORMES DE GESTION
HOSPITAL DEL SARARE ESE	PRESUPUESTO	320.7	0320.07.02	ACTAS	320.7.02.20	ACTAS COMITÉ DE PRESUPUESTO
HOSPITAL DEL SARARE ESE	PRESUPUESTO	320.7	0320.7.13	INFORMES	320.7.13.60	INFORMES DE GESTION
HOSPITAL DEL SARARE ESE	PRESUPUESTO	320.7	0320.7.28	REGISTROS	320.7.28.121	REGISTROS DE CONTROL
HOSPITAL DEL SARARE ESE	COSTOS	320.8	0320.8.13	INFORMES	320.8.13.60	INFORME DE GESTION
HOSPITAL DEL SARARE ESE	COSTOS	320.8	0320.8.28	REGISTROS	320.8.28.122	REGISTROS DE CONTROL
HOSPITAL DEL SARARE ESE	FACTURACION(VENTAS DE SERVICIOS DE SALUD Y CONTRATACIÓN)	320.9	0320.09.02	ACTAS	320.9.02.07	ACAS DE COMITÉ CONTRATACION, FACTURACION, VENTA DE SERVICIOS DE SALUD, GLOSAS Y CARTERA
HOSPITAL DEL SARARE ESE	FACTURACION(VENTAS DE SERVICIOS DE SALUD Y CONTRATACIÓN)	320.9	0320.09.03	CIRCULARES	320.9.03.27	CIRCULARES INFORMATIVAS
HOSPITAL DEL SARARE ESE	FACTURACION(VENTAS DE SERVICIOS DE SALUD Y CONTRATACIÓN)	320.9	0320.9.13	INFORMES	320.9.13.60	INFORME DE GESTION
HOSPITAL DEL SARARE ESE	FACTURACION(VENTAS DE SERVICIOS DE SALUD Y CONTRATACIÓN)	320.9	0320.9.28	REGISTROS	320.9.28.123	REGISTROS DE CONTROL
HOSPITAL DEL SARARE ESE	TALENTO HUMANO	321	321.02	ACTAS	0321.02.05	ACTAS COMITE BIENESTAR SOCIAL E INCENTIVOS
HOSPITAL DEL SARARE ESE	TALENTO HUMANO	321	321.02	ACTAS	0321.02.09	ACTAS DE COMISION DE PERSONAL
HOSPITAL DEL SARARE ESE	TALENTO HUMANO	321	321.03	CIRCULARES	0321.03.27	CIRCULARES INFORMATIVAS
HOSPITAL DEL SARARE ESE	TALENTO HUMANO	321	321.11	HISTORIAS	321.11.58	HISTORIAS LABORALES
HOSPITAL DEL SARARE ESE	TALENTO HUMANO	321	321.13	INFORMES	321.13.60	INFORME DE GESTION
HOSPITAL DEL SARARE ESE	TALENTO HUMANO	321	321.13	INFORMES	321.13.61	INFORME A ENTES DE CONTROL
HOSPITAL DEL SARARE ESE	TALENTO HUMANO	321	321.20	PLANES	321.20.85	PLAN INSTITUCIONAL DE CAPACITACION Y FORMACION
HOSPITAL DEL SARARE ESE	TALENTO HUMANO	321	321.20	PLANES	321.20.89	PLAN ANUAL DE VACACIONES
HOSPITAL DEL SARARE ESE	TALENTO HUMANO	321	321.26	PROGRAMAS	321.26.95	PROGRAMA DE BIENESTAR SOCIAL E INCENTIVOS
HOSPITAL DEL SARARE ESE	TALENTO HUMANO	321	321.28	REGISTROS	321.28.124	REGISTROS DE CONTROL
HOSPITAL DEL SARARE ESE	TALENTO HUMANO	321	321.32	TECNICAS ADMINISTRATIVAS	321.32.129	NOVEDADES DE PERSONAL
HOSPITAL DEL SARARE ESE	TALENTO HUMANO (NOMINA Y ADMINISTRACION DE PERSONAL)	321.1	0321.1.17	NOMINA	321.1.17.74	PLANILLAS DE PAGO
HOSPITAL DEL SARARE ESE	TALENTO HUMANO (SERVICIOS BASICOS).	321.2	0321.2.28	REGISTROS	321.2.28.125	REGISTROS DE CONTROL
HOSPITAL DEL SARARE ESE	SISTEMAS Y ESTADISTICA	322	322.03	CIRCULARES	0322.03.27	CIRCULARES INFORMATIVAS
HOSPITAL DEL SARARE ESE	SISTEMAS Y ESTADISTICA	322	322.13	INFORMES	322.13.60	INFORMES DE GESTION
HOSPITAL DEL SARARE ESE	SISTEMAS Y ESTADISTICA	322	322.20	PLANES	322.20.81	PLAN DE GESTION INTEGRAL DE COMPUTO
HOSPITAL DEL SARARE ESE	SISTEMAS	322.1	0322.1.10	FICHA TECNICA	322.1.10.53	HOJA DE VIDA DE EQUIPO DE COMPUTO
HOSPITAL DEL SARARE ESE	SISTEMAS	322.1	0322.1.14	INVENTARIO	322.1.14.67	INVENTARIO DE LICENCIAS SOFWARE
HOSPITAL DEL SARARE ESE	SISTEMAS	322.1	0322.1.28	REGISTROS	322.1.28.126	REGISTROS DE CONTROL
HOSPITAL DEL SARARE ESE	ESTADISTICA	322.2	322.09	FICHAS ESPECIFICAS	322.2.09.52	FICHAS EPIDEMIOLOGICAS
HOSPITAL DEL SARARE ESE	ESTADISTICA	322.2	0322.2.13	INFORMES	322.2.13.60	INFORME DE GESTION
HOSPITAL DEL SARARE ESE	ESTADISTICA	322.2	0322.2.13	INFORMES	322.2.13.63	INFORME ESTADISTICO
HOSPITAL DEL SARARE ESE	ESTADISTICA	322.2	0322.2.28	REGISTROS	322.2.28.127	REGISTROS DE CONTROL
HOSPITAL DEL SARARE ESE	PLANEACION Y MANTENIMIENTO	323	323.03	CIRCULARES	0323.03.27	CIRCULARES INFORMATIVAS
HOSPITAL DEL SARARE ESE	PLANEACION Y MANTENIMIENTO	323	323.13	INFORMES	323.13.60	INFORMES DE GESTION
HOSPITAL DEL SARARE ESE	PLANEACION Y MANTENIMIENTO	323	323.20	PLANES	323.20.78	PLAN DE ACCION INSTITUCIONAL
HOSPITAL DEL SARARE ESE	PLANEACION Y MANTENIMIENTO	323	323.20	PLANES	323.20.79	PLAN DE DESARROLLO INSTITUCIONAL
HOSPITAL DEL SARARE ESE	PLANEACION Y MANTENIMIENTO	323	323.27	PROYECTO	323.27.108	PROYECTO DE INVERSION
HOSPITAL DEL SARARE ESE	MANTENIMIENTO Y TRANSPORTE	323.1	0323.01.03	CIRCULARES	323.1.03.27	CIRCULARES INFORMATIVAS
HOSPITAL DEL SARARE ESE	MANTENIMIENTO Y TRANSPORTE	323.1	0323.1.10	FICHA TECNICA	323.1.10.54	HOJA DE VIDA DE EQUIPOS BIOMEDICOS
HOSPITAL DEL SARARE ESE	MANTENIMIENTO Y TRANSPORTE	323.1	0323.1.10	FICHA TECNICA	323.1.10.55	HOJA DE VIDA DE VEHICULOS
HOSPITAL DEL SARARE ESE	MANTENIMIENTO Y TRANSPORTE	323.1	0323.1.10	FICHA TECNICA	323.1.10.56	HOJA DE VIDA DE LA PLANTA FISICA
HOSPITAL DEL SARARE ESE	MANTENIMIENTO Y TRANSPORTE	323.1	0323.1.13	INFORMES	323.1.13.60	INFORME DE GESTION
HOSPITAL DEL SARARE ESE	MANTENIMIENTO Y TRANSPORTE	323.1	0323.1.20	PLANES	323.1.20.83	PLAN GENERAL DE MANTENIMIENTO
HOSPITAL DEL SARARE ESE	MANTENIMIENTO Y TRANSPORTE	323.1	0323.1.28	REGISTROS	323.1.28.128	REGISTRO DE CONTROL
